{"cameraMode":{"drawMode":0,"name":"Shaded","section":"Shading Mode"},"sceneLighting":true,"audioPlay":false,"sceneViewState":{"m_AlwaysRefresh":false,"showFog":true,"showSkybox":true,"showFlares":true,"showImageEffects":true,"showParticleSystems":true,"showVisualEffectGraphs":true,"m_FxEnabled":true},"in2DMode":false,"pivot":{"x":298.3289794921875,"y":170.76385498046876,"z":-28.331161499023439},"rotation":{"x":-0.022801393643021585,"y":-0.02339458093047142,"z":0.0005337400361895561,"w":-0.9994664788246155},"size":276.25244140625,"orthographic":false}